{
  "Author": "Siren",
  "Name": "FFXIV Network Packet Analysis Tool",
  "InternalName": "FFXIVNetworkPacketAnalysisTool",
  "AssemblyVersion": "0.0.0.3",
  "Description": "一个用于分析游戏内网络包详细内容的Debug工具，更推荐开发人员使用。",
  "ApplicableVersion": "any",
  "RepoUrl": "https://github.com/extrant/FFXIVNetworkPacketAnalysisTool",
  "DalamudApiLevel": 13,
  "LoadRequiredState": 0,
  "LoadSync": false,
  "CanUnloadAsync": false,
  "LoadPriority": 0,
  "IconUrl": "https://raw.githubusercontent.com/extrant/IMGSave/refs/heads/main/FFXivStorkLauncher/NPATool.png",
  "Punchline": "FFXIV NPATool",
  "AcceptsFeedback": true
}